difficulty,category,total,successes,failures,errors,rate,ci95_low,ci95_high,median_action_steps_success,median_action_steps_failure,failure_horizon_exhausted,median_duration_seconds,mean_duration_seconds,p90_duration_seconds,p99_duration_seconds,sum_episode_compute_hours
2,Background Textures,271,260,11,0,0.959409594095941,0.9287905915999948,0.9771862616317695,129.0,300.0,11,8.891436483711004,10.357624452004409,16.874282392207533,18.40330421975814,0.7796989518036652
1,Background Textures,233,227,6,0,0.9742489270386266,0.9449678644025667,0.9881457935711109,122.0,290.0,6,8.194528117310256,8.947474410009967,15.037422910518945,17.58938341220841,0.5791004270923117
3,Background Textures,263,252,11,0,0.9581749049429658,0.9266704126019254,0.9764875938978872,134.5,300.0,11,9.025041519664228,10.244391126464345,15.998470494616775,18.152247911123556,0.7484096850722562
4,Background Textures,163,155,8,0,0.950920245398773,0.9061523601829166,0.9749236088181822,176.0,300.0,8,11.881904563400894,11.720158046954225,17.00495303869248,25.811391468169155,0.5306627115704274
5,Background Textures,146,118,28,0,0.8082191780821918,0.736786564779477,0.8638482709217515,236.0,520.0,28,14.874823878053576,16.074391771136618,28.125854049809277,31.06323064216413,0.6519058884960961
1,Robot Initial States,248,235,13,0,0.9475806451612904,0.9123937500257379,0.9691132148702185,129.0,220.0,13,8.830280480906367,10.107013938946634,15.614195401128383,20.06816162587144,0.6962609602385459
3,Robot Initial States,374,301,73,0,0.8048128342245989,0.7616301096107041,0.8417975838764686,136.0,300.0,73,10.496305160690099,12.187208222168035,17.905430500255896,30.67746609124355,1.266115520858568
2,Robot Initial States,292,258,34,0,0.8835616438356164,0.8416935736494269,0.9154687283920988,137.5,290.0,34,9.323838317533955,11.093800264664237,16.94325160160661,27.622497494993723,0.8998304659116547
4,Robot Initial States,285,179,106,0,0.6280701754385964,0.5706026854736019,0.682131116308353,154.0,300.0,106,14.40594099694863,14.556848532918906,26.564373448025435,31.168909863866865,1.1524171755227468
5,Robot Initial States,351,161,190,0,0.4586894586894587,0.4072889567909782,0.5109844036658842,154.0,300.0,190,15.299063362181187,15.251715020312426,26.489807961974293,31.143174823839217,1.4870422144804616
1,Camera Viewpoints,199,187,12,0,0.9396984924623115,0.8975707846261199,0.9651719752486984,122.0,220.0,12,8.182017410174012,9.014196283258872,14.736968242563307,17.41361686654389,0.4982847389912543
2,Camera Viewpoints,360,316,44,0,0.8777777777777778,0.8398978967685656,0.9076804602488658,125.5,220.0,44,8.776116132736206,10.112182995933107,15.92581027285196,18.364227438191886,1.0112182995933108
3,Camera Viewpoints,325,241,84,0,0.7415384615384616,0.6913155423175905,0.786118174717483,131.0,220.0,84,9.925142268650234,11.730762149045388,17.2859138882719,29.13213783662765,1.0590271384554863
4,Camera Viewpoints,228,160,68,0,0.7017543859649122,0.6394279184219221,0.7573949814510149,137.5,300.0,68,12.253386810189113,13.311991545700533,20.17274750326761,30.06858468181919,0.8430927978943671
5,Camera Viewpoints,487,256,231,0,0.5256673511293635,0.4812912257673688,0.569641717142681,158.5,520.0,231,16.715051515959203,18.14584965630792,29.95321345208213,32.055516755441204,2.4547302173949883
2,Language Instructions,280,266,14,0,0.95,0.9178339854797117,0.9699855777617219,128.0,220.0,14,8.63183115539141,10.073194149728598,16.252515917969866,18.875634023025622,0.7834706560900021
1,Language Instructions,328,297,31,0,0.9054878048780488,0.8689705467069163,0.9326170576428144,124.0,280.0,31,8.680212929612026,10.108095284894949,15.790477322740482,21.194149045515857,0.920959792623762
4,Language Instructions,328,301,27,0,0.9176829268292683,0.882883516457011,0.9428119857678996,139.0,300.0,27,9.18781391531229,11.09611545038472,17.413660976756365,29.08140056159814,1.010979407701719
3,Language Instructions,259,250,9,0,0.9652509652509652,0.9352898897738959,0.9816126456225691,134.5,300.0,9,8.846248150803149,10.452311726011926,16.0565170455724,25.344779799887846,0.7519857602880802
5,Language Instructions,342,206,136,0,0.6023391812865497,0.5496093014738543,0.6527955814996829,139.5,300.0,136,14.597454735077918,14.224041582127402,18.752205605525525,31.628830258729867,1.351283950302103
1,Sensor Noise,177,173,4,0,0.9774011299435028,0.9433427526863419,0.9911774679648581,124.0,300.0,4,26.561781049706042,57.290832370193414,155.76719271298498,403.6781114178715,2.816799258201176
2,Sensor Noise,500,484,16,0,0.968,0.9486551309545582,0.9802084863734289,124.0,290.0,16,33.90134451072663,64.17893415193726,163.58536311732612,358.2881673741014,8.91374085443573
3,Sensor Noise,300,286,14,0,0.9533333333333334,0.923202639772079,0.9720010663176659,130.0,300.0,14,46.22654820373282,75.66643233076204,160.495197099168,433.6215018591003,6.305536027563503
4,Sensor Noise,383,321,62,0,0.8381201044386423,0.7979037115029879,0.8716212168476978,150.0,300.0,62,43.37576432200149,77.09670091689475,184.01854730127383,485.5126868186798,8.202232347547413
5,Sensor Noise,241,128,113,0,0.5311203319502075,0.46812256714833145,0.5931415670887753,191.5,520.0,113,35.45878767501563,86.91460392725001,244.1637770361267,546.8496061920189,5.818449874018681
4,Objects Layout,257,209,48,0,0.8132295719844358,0.7610965867966903,0.8561365813043726,112.0,300.0,48,9.437767560128123,11.088833823030024,17.54531835913658,23.025295314062387,0.7916195256996434
5,Objects Layout,289,201,88,0,0.6955017301038062,0.6401671964713611,0.7457071276597365,131.0,300.0,88,10.514491482172161,11.716729646745206,17.425007129926236,18.982574575338514,0.9405930188637124
3,Objects Layout,329,294,35,0,0.8936170212765957,0.8556401747255257,0.9225080791538881,120.5,300.0,35,9.565513072069734,11.077101288135461,17.622843699902294,28.311451155878597,1.0123239788323797
2,Objects Layout,302,272,30,0,0.9006622516556292,0.8617315568656556,0.9295280746216423,129.0,410.0,30,9.641160788480192,11.999431721179974,18.1225674984511,33.57904638055713,1.0066189943878756
1,Objects Layout,348,320,28,0,0.9195402298850575,0.8861712191407742,0.9437480319296614,155.5,520.0,28,12.191251266049221,13.75312125285413,21.049744647648186,32.3331144983414,1.3294683877758993
2,Light Conditions,197,193,4,0,0.9796954314720813,0.9489644580642603,0.9920763066751265,121.0,300.0,4,8.75941214710474,9.46005430676251,14.474559710640461,18.481588297244162,0.5176751940089485
4,Light Conditions,242,235,7,0,0.9710743801652892,0.9415077774414385,0.985919195591182,143.0,300.0,7,9.15374929504469,10.660129971288468,14.931586438138037,21.30870270196815,0.7165976258477248
3,Light Conditions,244,231,13,0,0.9467213114754098,0.9109919664893638,0.9686025978636346,125.0,300.0,13,8.802006528014317,9.981792095958896,14.632702904613689,18.87917671926785,0.6765436865038807
1,Light Conditions,111,104,7,0,0.9369369369369369,0.8755233588904047,0.9691193424135679,115.5,300.0,7,8.362215467263013,9.602014453855116,16.841528716031462,18.72976658847183,0.2960621123271994
5,Light Conditions,227,211,16,0,0.9295154185022027,0.8885838436302863,0.9561517640729472,170.0,520.0,16,11.846850065980107,13.196247885559607,21.425815791543574,28.10605075606145,0.8320967416727864
None,Light Conditions,121,102,19,0,0.8429752066115702,0.7677344176119717,0.8971088226389315,115.0,300.0,19,8.022365000098944,9.361645457727358,17.613813036121428,18.226026782020927,0.3146553056625028
