perturbation,suite,source_id,task_description,total,successes,failures,errors,rate,ci95_low,ci95_high,median_action_steps_success,median_action_steps_failure,failure_horizon_exhausted,median_duration_seconds,mean_duration_seconds,p90_duration_seconds,p99_duration_seconds,sum_episode_compute_hours
object,libero_10,object/libero_10/LIVING_ROOM_SCENE1_put_both_the_alphabet_soup_and_the_cream_cheese_box_in_the_basket.bddl,put both the alphabet soup and the cream cheese box in the basket,50,0,50,0,0.0,6.938893903907228e-18,0.07134759913335872,,520.0,50,27.599360760999843,27.665323321009055,27.94225593106821,29.421118417517278,0.3842406016806813
swap(position),libero_10,swap(position)/libero_10/KITCHEN_SCENE3_turn_on_the_stove_and_put_the_moka_pot_on_it.bddl,turn on the stove and put the moka pot on it,50,0,50,0,0.0,6.938893903907228e-18,0.07134759913335872,,520.0,50,26.615314670372754,26.663503208095207,26.923496800381688,27.10010148956906,0.37032643344576677
swap(position),libero_10,swap(position)/libero_10/KITCHEN_SCENE4_put_the_black_bowl_in_the_bottom_drawer_of_the_cabinet_and_close_it.bddl,put the black bowl in the bottom drawer of the cabinet and close it,50,0,50,0,0.0,6.938893903907228e-18,0.07134759913335872,,520.0,50,28.066918758908287,28.102956795385108,28.670592561736704,28.99644898674451,0.3903188443803487
swap(position),libero_10,swap(position)/libero_10/KITCHEN_SCENE6_put_the_yellow_and_white_mug_in_the_microwave_and_close_it.bddl,put the yellow and white mug in the microwave and close it,50,0,50,0,0.0,6.938893903907228e-18,0.07134759913335872,,520.0,50,27.821326897479594,27.915631480673326,28.507223214861007,28.92536562955938,0.38771710389824066
swap(position),libero_10,swap(position)/libero_10/KITCHEN_SCENE8_put_both_moka_pots_on_the_stove.bddl,put both moka pots on the stove,50,0,50,0,0.0,6.938893903907228e-18,0.07134759913335872,,520.0,50,27.399609793908894,27.397685526153072,27.882717367215083,28.06614903387148,0.38052341008545937
swap(position),libero_10,swap(position)/libero_10/LIVING_ROOM_SCENE1_put_both_the_alphabet_soup_and_the_cream_cheese_box_in_the_basket.bddl,put both the alphabet soup and the cream cheese box in the basket,50,0,50,0,0.0,6.938893903907228e-18,0.07134759913335872,,520.0,50,28.307980098063126,28.41625245243311,29.24639454074204,30.172575102467093,0.39467017295045986
swap(position),libero_10,swap(position)/libero_10/LIVING_ROOM_SCENE2_put_both_the_alphabet_soup_and_the_tomato_sauce_in_the_basket.bddl,put both the alphabet soup and the tomato sauce in the basket,50,0,50,0,0.0,6.938893903907228e-18,0.07134759913335872,,520.0,50,30.999908313853666,30.92616255355999,31.70134861012921,32.43667424040381,0.42953003546611096
swap(position),libero_10,swap(position)/libero_10/LIVING_ROOM_SCENE5_put_the_white_mug_on_the_left_plate_and_put_the_yellow_and_white_mug_on_the_right_plate.bddl,put the white mug on the left plate and put the yellow and white mug on the right plate,50,0,50,0,0.0,6.938893903907228e-18,0.07134759913335872,,520.0,50,29.85490839648992,29.970474079521374,30.502998703345657,31.68437747063581,0.41625658443779684
swap(position),libero_goal,swap(position)/libero_goal/open_the_middle_drawer_of_the_cabinet.bddl,Open the middle layer of the drawer,50,0,50,0,0.0,6.938893903907228e-18,0.07134759913335872,,300.0,50,17.39286808623001,16.839876562403514,17.874215473001822,18.091617813240738,0.2338871744778266
swap(position),libero_goal,swap(position)/libero_goal/push_the_plate_to_the_front_of_the_stove.bddl,Push the plate to the front of the stove,50,0,50,0,0.0,6.938893903907228e-18,0.07134759913335872,,300.0,50,17.603639690903947,17.271081776237114,17.99967320119031,18.210864626797846,0.23987613578107103
swap(position),libero_goal,swap(position)/libero_goal/put_the_bowl_on_top_of_the_cabinet.bddl,Put the bowl on the top of the drawer,50,0,50,0,0.0,6.938893903907228e-18,0.07134759913335872,,300.0,50,18.008706552674994,17.838125160606577,18.391071293922142,18.547980603817848,0.24775173834175804
swap(position),libero_goal,swap(position)/libero_goal/put_the_cream_cheese_in_the_bowl.bddl,Put the cream cheese on the bowl,50,0,50,0,0.0,6.938893903907228e-18,0.07134759913335872,,300.0,50,17.607379481196404,17.54868298890069,17.834340505208818,18.19584378692787,0.24373170817917628
swap(position),libero_goal,swap(position)/libero_goal/put_the_wine_bottle_on_the_rack.bddl,Put the wine bottle on the rack,50,0,50,0,0.0,6.938893903907228e-18,0.07134759913335872,,300.0,50,17.41505488893017,17.324100146824495,17.69451002231799,17.906015873295253,0.24061250203922907
swap(position),libero_goal,swap(position)/libero_goal/put_the_wine_bottle_on_top_of_the_cabinet.bddl,Put the wine bottle on the top of the drawer,50,0,50,0,0.0,6.938893903907228e-18,0.07134759913335872,,300.0,50,18.240742108551785,18.09451291307807,18.98924853722565,19.41832425821107,0.25131267934830653
swap(position),libero_object,swap(position)/libero_object/pick_up_the_ketchup_and_place_it_in_the_basket.bddl,Pick the ketchup and place it in the basket,50,0,50,0,0.0,6.938893903907228e-18,0.07134759913335872,,280.0,50,15.85939148068428,15.820412758588791,16.049591148365288,16.195340289715677,0.21972795498039988
swap(position),libero_object,swap(position)/libero_object/pick_up_the_milk_and_place_it_in_the_basket.bddl,Pick the milk and place it in the basket,50,0,50,0,0.0,6.938893903907228e-18,0.07134759913335872,,280.0,50,15.627592471195385,15.646822437653318,15.805217010714115,15.932646266096272,0.21731697830074054
swap(position),libero_object,swap(position)/libero_object/pick_up_the_salad_dressing_and_place_it_in_the_basket.bddl,Pick the salad dressing and place it in the basket,50,0,50,0,0.0,6.938893903907228e-18,0.07134759913335872,,280.0,50,16.045931431930512,16.10833722548559,16.408030648436398,16.639345028479582,0.22372690590952213
swap(position),libero_object,swap(position)/libero_object/pick_up_the_tomato_sauce_and_place_it_in_the_basket.bddl,Pick the tomato sauce and place it in the basket,50,0,50,0,0.0,6.938893903907228e-18,0.07134759913335872,,280.0,50,15.925884226104245,15.888278362043202,16.026752557232975,16.06760112619493,0.2206705328061556
swap(position),libero_spatial,swap(position)/libero_spatial/pick_up_the_black_bowl_next_to_the_cookie_box_and_place_it_on_the_plate.bddl,Pick the akita black bowl next to the cookies box and place it on the plate,50,0,50,0,0.0,6.938893903907228e-18,0.07134759913335872,,220.0,50,15.681645575445145,15.703693211087957,15.936955738067626,16.040277748000808,0.21810685015399942
swap(position),libero_spatial,swap(position)/libero_spatial/pick_up_the_black_bowl_on_the_cookie_box_and_place_it_on_the_plate.bddl,Pick the akita black bowl on the cookies box and place it on the plate,50,0,50,0,0.0,6.938893903907228e-18,0.07134759913335872,,220.0,50,15.453067110851407,15.46036757517606,15.634259623289108,15.914498546416871,0.21472732743300083
swap(position),libero_spatial,swap(position)/libero_spatial/pick_up_the_black_bowl_on_the_wooden_cabinet_and_place_it_on_the_plate.bddl,Pick the akita black bowl on the wooden cabinet and place it on the plate,50,0,50,0,0.0,6.938893903907228e-18,0.07134759913335872,,220.0,50,15.609694972634315,15.59874561669305,15.781104889465496,15.927604196397589,0.21664924467629235
task,libero_10,task/libero_10/KITCHEN_SCENE3_turn_on_the_stove_and_put_the_moka_pot_on_it.bddl,turn on the stove and put the pan on it,50,0,50,0,0.0,6.938893903907228e-18,0.07134759913335872,,520.0,50,26.58115181257017,26.598194183204324,26.892152925860138,26.994544071531855,0.3694193636556156
task,libero_10,task/libero_10/KITCHEN_SCENE4_put_the_black_bowl_in_the_bottom_drawer_of_the_cabinet_and_close_it.bddl,put the bottle in the bottom drawer of the cabinet and close it,50,0,50,0,0.0,6.938893903907228e-18,0.07134759913335872,,520.0,50,28.26642187917605,28.28018460328691,28.708277588197962,29.062246428779325,0.3927803417123181
task,libero_10,task/libero_10/KITCHEN_SCENE6_put_the_yellow_and_white_mug_in_the_microwave_and_close_it.bddl,put the white mug in the microwave and close it,50,0,50,0,0.0,6.938893903907228e-18,0.07134759913335872,,520.0,50,27.840322248404846,27.922345957355574,28.29280138136819,28.557819778923875,0.3878103605188274
task,libero_10,task/libero_10/LIVING_ROOM_SCENE1_put_both_the_alphabet_soup_and_the_cream_cheese_box_in_the_basket.bddl,put both the ketchup and the cream cheese box in the basket,50,0,50,0,0.0,6.938893903907228e-18,0.07134759913335872,,520.0,50,27.350958574796095,27.405972188748418,27.907416000356896,28.518824160327203,0.38063850262150584
task,libero_10,task/libero_10/LIVING_ROOM_SCENE5_put_the_white_mug_on_the_left_plate_and_put_the_yellow_and_white_mug_on_the_right_plate.bddl,put the yellow and white mug on the left plate and put the white mug on the right plate,50,0,50,0,0.0,6.938893903907228e-18,0.07134759913335872,,520.0,50,29.643746310146526,29.791177469445394,30.370336248166858,30.984481897880322,0.41376635374229714
task,libero_10,task/libero_10/LIVING_ROOM_SCENE6_put_the_white_mug_on_the_plate_and_put_the_chocolate_pudding_to_the_right_of_the_plate.bddl,put the red mug on the plate and put the chocolate pudding to the right of the plate,50,0,50,0,0.0,6.938893903907228e-18,0.07134759913335872,,520.0,50,28.88428482809104,28.857088670656086,29.404111965466292,29.827388437590564,0.40079289820355674
task,libero_10,task/libero_10/STUDY_SCENE1_pick_up_the_book_and_place_it_in_the_back_compartment_of_the_caddy.bddl,pick up the cup and place it in the back compartment of the caddy,50,0,50,0,0.0,6.938893903907228e-18,0.07134759913335872,,520.0,50,26.48521728720516,26.516146511444823,27.006446253648026,27.57046563148964,0.3682798126589559
task,libero_goal,task/libero_goal/open_the_middle_drawer_of_the_cabinet.bddl,open the bottom drawer of the cabinet,50,0,50,0,0.0,6.938893903907228e-18,0.07134759913335872,,300.0,50,17.276097749127075,17.009498450076208,17.51781338173896,17.674294975213705,0.2362430340288362
task,libero_goal,task/libero_goal/put_the_wine_bottle_on_the_rack.bddl,Put the cream cheese on the rack,50,0,50,0,0.0,6.938893903907228e-18,0.07134759913335872,,300.0,50,17.79185038455762,17.804702553888784,18.211807475704703,18.326348469532093,0.24728753547067753
task,libero_object,task/libero_object/pick_up_the_bbq_sauce_and_place_it_in_the_basket.bddl,Pick the ketchup and place it in the basket,50,0,50,0,0.0,6.938893903907228e-18,0.07134759913335872,,280.0,50,15.762546040816233,15.604852103712037,15.935028661834075,16.011394778355026,0.2167340569960005
task,libero_object,task/libero_object/pick_up_the_butter_and_place_it_in_the_basket.bddl,Pick the orange juice and place it in the basket,50,0,50,0,0.0,6.938893903907228e-18,0.07134759913335872,,280.0,50,15.987181544536725,15.832572274748236,16.289928275533022,16.600144130825065,0.21989683714928104
task,libero_object,task/libero_object/pick_up_the_chocolate_pudding_and_place_it_in_the_basket.bddl,Pick the salad dressing and place it in the basket,50,0,50,0,0.0,6.938893903907228e-18,0.07134759913335872,,280.0,50,15.959446845808998,15.964699417063967,16.0754064634908,16.22728749203961,0.22173193634811064
task,libero_object,task/libero_object/pick_up_the_ketchup_and_place_it_in_the_basket.bddl,Pick the milk and place it in the basket,50,0,50,0,0.0,6.938893903907228e-18,0.07134759913335872,,280.0,50,15.985752266598865,15.974320187512784,16.122028636792674,16.206750470902772,0.2218655581598998
task,libero_object,task/libero_object/pick_up_the_orange_juice_and_place_it_in_the_basket.bddl,Pick the chocolate pudding and place it in the basket,50,0,50,0,0.0,6.938893903907228e-18,0.07134759913335872,,280.0,50,15.840549419634044,15.737763724690303,15.99135893303901,16.130730274557138,0.21858005173180978
task,libero_object,task/libero_object/pick_up_the_salad_dressing_and_place_it_in_the_basket.bddl,Pick the tomato sauce and place it in the basket,50,0,50,0,0.0,6.938893903907228e-18,0.07134759913335872,,280.0,50,16.03610729891807,16.030603212118148,16.186055828584358,16.238224418517202,0.2226472668349743
task,libero_object,task/libero_object/pick_up_the_tomato_sauce_and_place_it_in_the_basket.bddl,Pick the bbq sauce and place it in the basket,50,0,50,0,0.0,6.938893903907228e-18,0.07134759913335872,,280.0,50,16.00518153863959,15.96072337676771,16.159165938803927,16.300240852334536,0.22167671356621818
task,libero_spatial,task/libero_spatial/pick_up_the_black_bowl_between_the_plate_and_the_ramekin_and_place_it_on_the_plate.bddl,Pick the akita black bowl not between the plate and the ramekin and place it on the plate,50,0,50,0,0.0,6.938893903907228e-18,0.07134759913335872,,220.0,50,15.15466961520724,15.17499026350677,15.35447355909273,16.167091941446998,0.21076375365981626
task,libero_spatial,task/libero_spatial/pick_up_the_black_bowl_from_table_center_and_place_it_on_the_plate.bddl,Pick the akita black bowl next to the plate and place it on the plate,50,0,50,0,0.0,6.938893903907228e-18,0.07134759913335872,,220.0,50,15.377692685462534,15.368393824137748,15.561023295391351,15.704547712444327,0.21344991422413537
task,libero_spatial,task/libero_spatial/pick_up_the_black_bowl_in_the_top_drawer_of_the_wooden_cabinet_and_place_it_on_the_plate.bddl,Pick the akita black bowl on the top of the wooden cabinet and place it on the plate,50,0,50,0,0.0,6.938893903907228e-18,0.07134759913335872,,220.0,50,15.414839036297053,15.418022112445906,15.634385098144412,15.868595498171635,0.21413919600619313
swap(position),libero_object,swap(position)/libero_object/pick_up_the_chocolate_pudding_and_place_it_in_the_basket.bddl,Pick the chocolate pudding and place it in the basket,50,1,49,0,0.02,0.003539259271646236,0.10495443589637815,277.0,280.0,49,15.941785666858777,15.695108244083821,16.059676367556676,16.2238042910723,0.2179876145011642
swap(position),libero_object,swap(position)/libero_object/pick_up_the_orange_juice_and_place_it_in_the_basket.bddl,Pick the orange juice and place it in the basket,50,1,49,0,0.02,0.003539259271646236,0.10495443589637815,231.0,280.0,49,15.72083204658702,15.82329008226283,16.462956956168636,16.986696727457456,0.21976791780920596
task,libero_goal,task/libero_goal/push_the_plate_to_the_front_of_the_stove.bddl,Push the cream cheese to the front of the stove,50,1,49,0,0.02,0.003539259271646236,0.10495443589637815,234.0,300.0,49,17.979122824501246,17.716284404620527,18.277023099735377,18.56367259527091,0.24605950561972956
task,libero_object,task/libero_object/pick_up_the_alphabet_soup_and_place_it_in_the_basket.bddl,Pick the cream cheese and place it in the basket,50,1,49,0,0.02,0.003539259271646236,0.10495443589637815,230.0,280.0,49,16.458662303397432,16.132093721125276,16.740478096716107,17.10897842636332,0.22405685723785104
task,libero_object,task/libero_object/pick_up_the_milk_and_place_it_in_the_basket.bddl,Pick the butter and place it in the basket,50,1,49,0,0.02,0.003539259271646236,0.10495443589637815,266.0,280.0,49,15.827719698427245,15.818756708772852,16.07451520101167,16.24987767701503,0.21970495428851186
object,libero_10,object/libero_10/LIVING_ROOM_SCENE2_put_both_the_alphabet_soup_and_the_tomato_sauce_in_the_basket.bddl,put both the alphabet soup and the tomato sauce in the basket,50,2,48,0,0.04,0.011038884327619805,0.1346009068750702,275.0,520.0,48,30.321804706007242,30.070227261753754,31.693197949603203,32.769170007421636,0.41764204530213545
swap(position),libero_10,swap(position)/libero_10/LIVING_ROOM_SCENE6_put_the_white_mug_on_the_plate_and_put_the_chocolate_pudding_to_the_right_of_the_plate.bddl,put the white mug on the plate and put the chocolate pudding to the right of the plate,50,2,48,0,0.04,0.011038884327619805,0.1346009068750702,308.0,520.0,48,28.533449166920036,28.06682545845397,28.982944232271983,29.46591243102681,0.3898170202563051
swap(position),libero_object,swap(position)/libero_object/pick_up_the_bbq_sauce_and_place_it_in_the_basket.bddl,Pick the bbq sauce and place it in the basket,50,2,48,0,0.04,0.011038884327619805,0.1346009068750702,198.5,280.0,48,15.832381907617673,15.805215100515634,16.526098357932643,16.611471578944474,0.21951687639605047
task,libero_goal,task/libero_goal/open_the_top_drawer_and_put_the_bowl_inside.bddl,Open the top layer of the drawer and put the cream cheese inside,50,2,48,0,0.04,0.011038884327619805,0.1346009068750702,216.5,300.0,48,17.758899044478312,17.522977172583342,17.903345431620256,17.984858137122355,0.2433746829525464
task,libero_goal,task/libero_goal/put_the_bowl_on_the_stove.bddl,Put the plate on the stove,50,4,46,0,0.08,0.03154951408859297,0.18838246918342838,180.5,300.0,46,17.44512857683003,16.917569140242414,17.877542768279092,18.101639326745644,0.2349662380589224
task,libero_goal,task/libero_goal/put_the_bowl_on_top_of_the_cabinet.bddl,Put the plate on the top of the drawer,50,5,45,0,0.1,0.04347576493189041,0.21360231437479654,168.0,300.0,45,17.621715961256996,16.83503769762814,17.94022982860915,18.28449537107721,0.23381996802261307
swap(position),libero_spatial,swap(position)/libero_spatial/pick_up_the_black_bowl_next_to_the_ramekin_and_place_it_on_the_plate.bddl,Pick the akita black bowl next to the ramekin and place it on the plate,50,7,43,0,0.14,0.06950833427016294,0.2618619371058554,177.0,220.0,43,15.220061808591709,14.87271152947098,15.528051518276333,15.874208747423253,0.20656543790931917
task,libero_spatial,task/libero_spatial/pick_up_the_black_bowl_on_the_cookie_box_and_place_it_on_the_plate.bddl,Pick the akita black bowl on the top of the cabinet and place it on the plate,50,7,43,0,0.14,0.06950833427016294,0.2618619371058554,124.0,220.0,43,15.423311608610675,14.630291364295408,15.612562045129016,15.835144831994548,0.20319849117076955
swap(position),libero_spatial,swap(position)/libero_spatial/pick_up_the_black_bowl_on_the_stove_and_place_it_on_the_plate.bddl,Pick the akita black bowl on the stove and place it on the plate,50,8,42,0,0.16,0.08337420678033404,0.2851421606303499,109.0,220.0,42,16.087148927152157,15.177779862750322,16.391464009461924,16.594859803654252,0.21080249809375445
task,libero_goal,task/libero_goal/put_the_wine_bottle_on_top_of_the_cabinet.bddl,put the wine bottle in the bowl,50,9,41,0,0.18,0.09770192670234178,0.30796053674300783,81.0,300.0,41,17.71015537995845,15.721231642020866,18.02313605877571,18.46487634139601,0.21835043947251204
task,libero_goal,task/libero_goal/put_the_cream_cheese_in_the_bowl.bddl,put the wine bottle in the bowl,50,11,39,0,0.22,0.1275391597021442,0.3524154958125367,85.0,300.0,39,17.630345152458176,15.00924877582118,17.853496542945503,18.315937552000396,0.20846178855307193
swap(position),libero_10,swap(position)/libero_10/LIVING_ROOM_SCENE2_put_both_the_cream_cheese_box_and_the_butter_in_the_basket.bddl,put both the cream cheese box and the butter in the basket,50,13,37,0,0.26,0.15871527493552393,0.39553157264848837,444.0,520.0,37,30.226086631184444,29.161027505705132,30.789893098082395,32.406189554720186,0.4050142709125713
task,libero_spatial,task/libero_spatial/pick_up_the_black_bowl_next_to_the_plate_and_place_it_on_the_plate.bddl,Pick the akita black bowl next to the ramekin and place it on the plate,50,13,37,0,0.26,0.15871527493552393,0.39553157264848837,109.0,220.0,37,15.156863556941971,13.565844660708681,15.369768237043171,15.52928625350818,0.18841450917650945
swap(position),libero_object,swap(position)/libero_object/pick_up_the_butter_and_place_it_in_the_basket.bddl,Pick the butter and place it in the basket,50,14,36,0,0.28,0.17474170665911232,0.4166512369595657,220.5,280.0,36,15.915324343601242,15.046497261617333,16.302275066357108,16.536428876426072,0.20897912863357407
task,libero_10,task/libero_10/LIVING_ROOM_SCENE2_put_both_the_cream_cheese_box_and_the_butter_in_the_basket.bddl,put both the alphabet soup and the butter in the basket,50,16,34,0,0.32,0.20758216260656848,0.45810297308144077,315.5,520.0,34,30.14895373955369,27.702638048753144,31.05084937862121,31.87014202445745,0.3847588617882381
object,libero_goal,object/libero_goal/open_the_top_drawer_and_put_the_bowl_inside.bddl,Open the top layer of the drawer and put the bowl inside,50,17,33,0,0.34,0.2243694922250009,0.478461739497674,180.0,300.0,33,17.807458953233436,16.101435258425774,18.351249828515574,18.744462777664886,0.2236310452559135
object,libero_10,object/libero_10/KITCHEN_SCENE6_put_the_yellow_and_white_mug_in_the_microwave_and_close_it.bddl,put the yellow and white mug in the microwave and close it,50,20,30,0,0.4,0.27608389730256544,0.5381856225241064,282.5,520.0,30,27.679296413436532,23.738580095367507,28.422673418652266,28.503584285927936,0.3297025013245487
swap(position),libero_object,swap(position)/libero_object/pick_up_the_alphabet_soup_and_place_it_in_the_basket.bddl,Pick the alphabet soup and place it in the basket,50,21,29,0,0.42,0.2937500335471198,0.5576655823142176,159.0,280.0,29,15.73880548006855,14.031795539064333,16.050814878800885,16.574100654586218,0.19488604915367128
task,libero_goal,task/libero_goal/put_the_bowl_on_the_plate.bddl,Put the wine bottle on the plate,50,21,29,0,0.42,0.2937500335471198,0.5576655823142176,102.0,300.0,29,17.58870140928775,13.801928932331503,18.10470693972893,18.51946116978303,0.19169345739349308
object,libero_object,object/libero_object/pick_up_the_alphabet_soup_and_place_it_in_the_basket.bddl,Pick the alphabet soup and place it in the basket,50,23,27,0,0.46,0.3296965219222435,0.5960112860084253,222.0,280.0,27,15.74353073979728,14.164115334292873,16.090857642516493,16.709976202184336,0.19672382408740102
object,libero_goal,object/libero_goal/put_the_cream_cheese_in_the_bowl.bddl,Put the cream cheese on the bowl,50,32,18,0,0.64,0.501410168761127,0.7586125034815325,116.5,300.0,18,9.297761398600414,11.757984366351739,18.43264897619374,18.691030060295013,0.16330533842155193
task,libero_10,task/libero_10/KITCHEN_SCENE8_put_both_moka_pots_on_the_stove.bddl,put the left moka pot on the stove,50,32,18,0,0.64,0.501410168761127,0.7586125034815325,408.0,520.0,18,23.418873030226678,23.93045479164459,27.396726479101925,27.545863873627965,0.3323674276617304
task,libero_10,task/libero_10/LIVING_ROOM_SCENE2_put_both_the_alphabet_soup_and_the_tomato_sauce_in_the_basket.bddl,put both the cream cheese and the tomato sauce in the basket,50,32,18,0,0.64,0.501410168761127,0.7586125034815325,268.0,520.0,18,17.95945540862158,22.45266160547733,31.037878097407518,31.555694213863465,0.3118425222982963
lan(semantic),libero_10,lan(semantic)/libero_10/KITCHEN_SCENE8_put_both_moka_pots_on_the_stove.bddl,place both moka pots on stove,50,33,17,0,0.66,0.521538260502326,0.7756305077749992,410.0,520.0,17,23.783312074374408,23.932587331654503,27.410726485820486,27.65348669821862,0.3323970462729792
swap(position),libero_10,swap(position)/libero_10/STUDY_SCENE1_pick_up_the_book_and_place_it_in_the_back_compartment_of_the_caddy.bddl,pick up the book and place it in the back compartment of the caddy,50,33,17,0,0.66,0.521538260502326,0.7756305077749992,179.0,520.0,17,10.922413995722309,15.449437035452574,27.1250563474372,27.379681212808936,0.21457551438128575
object,libero_10,object/libero_10/KITCHEN_SCENE8_put_both_moka_pots_on_the_stove.bddl,put both moka pots on the stove,50,35,15,0,0.7,0.562496495355466,0.8089644649911906,402.0,520.0,15,23.30792458052747,23.761109761735426,27.343752053426577,27.577899938132614,0.33001541335743645
swap(position),libero_goal,swap(position)/libero_goal/put_the_bowl_on_the_plate.bddl,Put the bowl on the plate,50,36,14,0,0.72,0.5833487630404344,0.8252582933408878,165.5,300.0,14,11.769635292002931,12.982410374963656,17.970258457632735,18.340589568899013,0.18031125520782856
swap(position),libero_spatial,swap(position)/libero_spatial/pick_up_the_black_bowl_in_the_top_drawer_of_the_wooden_cabinet_and_place_it_on_the_plate.bddl,Pick the akita black bowl in the top layer of the wooden cabinet and place it on the plate,50,40,10,0,0.8,0.6696289406777459,0.887562499842239,115.0,220.0,10,9.267611325718462,11.106883431589232,15.663975604949519,15.953348405323922,0.15426226988318376
lan(semantic),libero_10,lan(semantic)/libero_10/LIVING_ROOM_SCENE6_put_the_white_mug_on_the_plate_and_put_the_chocolate_pudding_to_the_right_of_the_plate.bddl,place white mug on plate and chocolate pudding to right,50,42,8,0,0.84,0.7148578393696501,0.916625793219666,224.0,520.0,8,13.395664213458076,16.154988823058083,28.093440194474535,29.141364785307086,0.2243748447646956
lan(semantic),libero_goal,lan(semantic)/libero_goal/push_the_plate_to_the_front_of_the_stove.bddl,move the plate to the stove’s front,50,42,8,0,0.84,0.7148578393696501,0.916625793219666,123.5,300.0,8,8.513042530510575,10.155487025761976,17.57766298931092,18.12720731799491,0.14104843091336078
task,libero_goal,task/libero_goal/turn_on_the_stove.bddl,Turn off the stove,50,42,8,0,0.84,0.7148578393696501,0.916625793219666,48.0,300.0,8,4.002136395312846,6.134749708576128,17.38827341957949,17.739654723093842,0.08520485706355733
object,libero_10,object/libero_10/KITCHEN_SCENE3_turn_on_the_stove_and_put_the_moka_pot_on_it.bddl,turn on the stove and put the moka pot on it,50,44,6,0,0.88,0.7619518261679701,0.9438239984906773,247.0,520.0,6,13.413268614793196,15.304204975860193,26.12239138893783,26.65521962352097,0.21255840244250268
object,libero_10,object/libero_10/KITCHEN_SCENE4_put_the_black_bowl_in_the_bottom_drawer_of_the_cabinet_and_close_it.bddl,put the black bowl in the bottom drawer of the cabinet and close it,50,44,6,0,0.88,0.7619518261679701,0.9438239984906773,222.0,520.0,6,12.502871699165553,14.6934418287687,28.44660712815821,29.03096704831347,0.20407558095512085
lan(semantic),libero_10,lan(semantic)/libero_10/KITCHEN_SCENE3_turn_on_the_stove_and_put_the_moka_pot_on_it.bddl,switch stove on and put moka pot on it,50,45,5,0,0.9,0.7863976856252035,0.9565242350681096,248.0,520.0,5,13.428958792239428,15.009195684511214,18.48443925646135,26.865160174020566,0.20846105117376687
swap(position),libero_goal,swap(position)/libero_goal/open_the_top_drawer_and_put_the_bowl_inside.bddl,Open the top layer of the drawer and put the bowl inside,50,45,5,0,0.9,0.7863976856252035,0.9565242350681096,214.0,300.0,5,13.115026723127812,13.683773826193065,17.523638659808785,17.76347496039234,0.19005241425268146
swap(position),libero_goal,swap(position)/libero_goal/put_the_bowl_on_the_stove.bddl,Put the bowl on the stove,50,45,5,0,0.9,0.7863976856252035,0.9565242350681096,130.0,300.0,5,9.077419618377462,10.573343787463381,16.522514406684788,18.68584556623362,0.14685199704810253
lan(semantic),libero_goal,lan(semantic)/libero_goal/open_the_top_drawer_and_put_the_bowl_inside.bddl,slide open the top drawer and place the bowl in it,50,46,4,0,0.92,0.8116175308165717,0.968450485911407,184.5,300.0,4,11.696552846115083,12.501914003212004,16.309189796261492,18.225378048885613,0.1736376944890556
lan(semantic),libero_spatial,lan(semantic)/libero_spatial/pick_up_the_black_bowl_next_to_the_plate_and_place_it_on_the_plate.bddl,pick the bowl beside the plate and put it on plate,50,46,4,0,0.92,0.8116175308165717,0.968450485911407,94.0,220.0,4,7.521209046710283,8.191239948552102,10.047379795555027,14.790945998383686,0.11376722150766808
task,libero_spatial,task/libero_spatial/pick_up_the_black_bowl_next_to_the_cookie_box_and_place_it_on_the_plate.bddl,Pick the akita black bowl on the stove and place it on the plate,50,46,4,0,0.92,0.8116175308165717,0.968450485911407,121.0,220.0,4,9.784180054673925,10.483237116355449,13.212242381321268,15.655110969939269,0.1456005155049368
lan(semantic),libero_10,lan(semantic)/libero_10/LIVING_ROOM_SCENE2_put_both_the_alphabet_soup_and_the_tomato_sauce_in_the_basket.bddl,place alphabet soup and tomato sauce into basket,50,47,3,0,0.94,0.8378290831116182,0.979385029651026,269.0,520.0,3,17.030868999194354,17.84663239591755,20.895225461293013,30.33843301146291,0.24786989438774373
lan(semantic),libero_spatial,lan(semantic)/libero_spatial/pick_up_the_black_bowl_between_the_plate_and_the_ramekin_and_place_it_on_the_plate.bddl,lift the black bowl between the plate and ramekin and set it on the plate,50,47,3,0,0.94,0.8378290831116182,0.979385029651026,78.0,220.0,3,6.4562859542202204,7.173452062262222,8.255409109033645,15.210489192474633,0.09963127864253087
lan(semantic),libero_spatial,lan(semantic)/libero_spatial/pick_up_the_black_bowl_in_the_top_drawer_of_the_wooden_cabinet_and_place_it_on_the_plate.bddl,take the black bowl from the top drawer and put it on plate,50,47,3,0,0.94,0.8378290831116182,0.979385029651026,127.0,220.0,3,9.653125194367021,10.024686330826952,10.352105948282407,15.574290893012659,0.1392317545948188
object,libero_10,object/libero_10/STUDY_SCENE1_pick_up_the_book_and_place_it_in_the_back_compartment_of_the_caddy.bddl,pick up the book and place it in the back compartment of the caddy,50,47,3,0,0.94,0.8378290831116182,0.979385029651026,222.0,520.0,3,12.886845702072605,14.082384630283341,16.27914725285955,27.744669351838528,0.19558867542060196
object,libero_goal,object/libero_goal/put_the_bowl_on_the_plate.bddl,Put the bowl on the plate,50,47,3,0,0.94,0.8378290831116182,0.979385029651026,62.0,300.0,3,5.1386486946139485,5.752073687436059,5.487369376327842,18.356760312356055,0.07988991232550081
object,libero_object,object/libero_object/pick_up_the_tomato_sauce_and_place_it_in_the_basket.bddl,Pick the tomato sauce and place it in the basket,50,47,3,0,0.94,0.8378290831116182,0.979385029651026,125.0,280.0,3,8.121094804024324,8.732533476380631,10.634086106531322,16.073199274898506,0.12128518717195322
object,libero_spatial,object/libero_spatial/pick_up_the_black_bowl_on_the_cookie_box_and_place_it_on_the_plate.bddl,Pick the akita black bowl on the cookies box and place it on the plate,50,47,3,0,0.94,0.8378290831116182,0.979385029651026,86.0,220.0,3,6.7939030912239105,7.527408178308979,9.551464635971936,14.73497568686027,0.10454733580984693
object,libero_spatial,object/libero_spatial/pick_up_the_black_bowl_on_the_wooden_cabinet_and_place_it_on_the_plate.bddl,Pick the akita black bowl on the wooden cabinet and place it on the plate,50,47,3,0,0.94,0.8378290831116182,0.979385029651026,121.0,220.0,3,8.755173860816285,9.203390672551468,10.582101232744753,14.403089609290472,0.12782487045210372
swap(position),libero_spatial,swap(position)/libero_spatial/pick_up_the_black_bowl_on_the_ramekin_and_place_it_on_the_plate.bddl,Pick the akita black bowl on the ramekin and place it on the plate,50,47,3,0,0.94,0.8378290831116182,0.979385029651026,119.0,220.0,3,9.198668678756803,9.720452238125727,10.312796675693244,15.462631985335612,0.13500628108507953
task,libero_spatial,task/libero_spatial/pick_up_the_black_bowl_on_the_stove_and_place_it_on_the_plate.bddl,Pick the akita black bowl on the top of the cabinet and place it on the plate,50,47,3,0,0.94,0.8378290831116182,0.979385029651026,121.0,220.0,3,9.38944478938356,9.708770660860464,9.994054257264361,15.432233161651528,0.13484403695639532
lan(semantic),libero_goal,lan(semantic)/libero_goal/put_the_bowl_on_top_of_the_cabinet.bddl,place the bowl on top of the cabinet,50,48,2,0,0.96,0.8653990931249297,0.9889611156723802,87.5,300.0,2,6.361932486994192,6.887334914887324,6.982142483536155,17.925749618872068,0.09565742937343505
lan(semantic),libero_goal,lan(semantic)/libero_goal/put_the_wine_bottle_on_the_rack.bddl,place the wine bottle on the rack,50,48,2,0,0.96,0.8653990931249297,0.9889611156723802,143.0,300.0,2,9.280531211057678,9.768209596043453,11.137612634617836,17.66680059724953,0.13566957772282573
lan(semantic),libero_spatial,lan(semantic)/libero_spatial/pick_up_the_black_bowl_next_to_the_cookie_box_and_place_it_on_the_plate.bddl,grab the black bowl beside the cookie box and set it on plate,50,48,2,0,0.96,0.8653990931249297,0.9889611156723802,106.0,220.0,2,8.048339092172682,8.106701634498313,8.654808979760857,15.100036057294346,0.11259307825692101
lan(semantic),libero_spatial,lan(semantic)/libero_spatial/pick_up_the_black_bowl_on_the_cookie_box_and_place_it_on_the_plate.bddl,lift black bowl from cookie box and put it on plate,50,48,2,0,0.96,0.8653990931249297,0.9889611156723802,87.5,220.0,2,7.180041747400537,7.6429843456763775,8.098321175575256,15.106210433780216,0.10615256035661635
object,libero_goal,object/libero_goal/open_the_middle_drawer_of_the_cabinet.bddl,Open the middle layer of the drawer,50,48,2,0,0.96,0.8653990931249297,0.9889611156723802,134.5,300.0,2,8.675468060420826,9.58531859648414,12.849881681893022,17.582965004867873,0.1331294249511686
object,libero_goal,object/libero_goal/put_the_bowl_on_top_of_the_cabinet.bddl,Put the bowl on the top of the drawer,50,48,2,0,0.96,0.8653990931249297,0.9889611156723802,115.5,300.0,2,8.314300997182727,8.726425646152347,11.128166802786291,18.203906396958047,0.12120035619656037
object,libero_object,object/libero_object/pick_up_the_chocolate_pudding_and_place_it_in_the_basket.bddl,Pick the chocolate pudding and place it in the basket,50,48,2,0,0.96,0.8653990931249297,0.9889611156723802,161.0,280.0,2,9.803371066227555,10.584945192392915,13.746926257293673,15.882931171949021,0.14701312767212382
object,libero_object,object/libero_object/pick_up_the_cream_cheese_and_place_it_in_the_basket.bddl,Pick the cream cheese and place it in the basket,50,48,2,0,0.96,0.8653990931249297,0.9889611156723802,133.5,280.0,2,8.257622142555192,8.910937130441889,11.318616514559835,15.836291937399654,0.12376301570058179
object,libero_spatial,object/libero_spatial/pick_up_the_black_bowl_between_the_plate_and_the_ramekin_and_place_it_on_the_plate.bddl,Pick the akita black bowl between the plate and the ramekin and place it on the plate,50,48,2,0,0.96,0.8653990931249297,0.9889611156723802,76.0,220.0,2,5.99008191912435,6.696600563665852,8.810353898629547,14.413607645835716,0.09300834116202572
object,libero_spatial,object/libero_spatial/pick_up_the_black_bowl_next_to_the_cookie_box_and_place_it_on_the_plate.bddl,Pick the akita black bowl next to the cookies box and place it on the plate,50,48,2,0,0.96,0.8653990931249297,0.9889611156723802,110.0,220.0,2,8.113107735291123,8.468518482772634,8.995161948958412,14.74516237091273,0.11761831226073102
object,libero_spatial,object/libero_spatial/pick_up_the_black_bowl_on_the_stove_and_place_it_on_the_plate.bddl,Pick the akita black bowl on the stove and place it on the plate,50,48,2,0,0.96,0.8653990931249297,0.9889611156723802,125.0,220.0,2,9.429861140437424,9.85630265972577,10.920548576815055,15.942945329346692,0.13689309249619125
swap(position),libero_spatial,swap(position)/libero_spatial/pick_up_the_black_bowl_between_the_plate_and_the_ramekin_and_place_it_on_the_plate.bddl,Pick the akita black bowl between the plate and the ramekin and place it on the plate,50,48,2,0,0.96,0.8653990931249297,0.9889611156723802,87.0,220.0,2,7.08022687304765,7.411372933695093,7.786351874563845,14.348174139028412,0.10293573519020963
task,libero_spatial,task/libero_spatial/pick_up_the_black_bowl_next_to_the_ramekin_and_place_it_on_the_plate.bddl,Pick the akita black bowl next to the cookie box and place it on the plate,50,48,2,0,0.96,0.8653990931249297,0.9889611156723802,109.0,220.0,2,8.528107391903177,8.829076887080445,9.394089938979596,14.991903656385839,0.12262606787611731
lan(semantic),libero_10,lan(semantic)/libero_10/KITCHEN_SCENE6_put_the_yellow_and_white_mug_in_the_microwave_and_close_it.bddl,place yellow and white mug in microwave and close door,50,49,1,0,0.98,0.8950455641036219,0.9964607407283539,264.0,520.0,1,14.93559973500669,15.854102382948621,18.554422119678932,26.72048626726492,0.22019586642984199
lan(semantic),libero_10,lan(semantic)/libero_10/LIVING_ROOM_SCENE2_put_both_the_cream_cheese_box_and_the_butter_in_the_basket.bddl,place cream cheese box and butter into basket,50,49,1,0,0.98,0.8950455641036219,0.9964607407283539,247.0,520.0,1,15.147548409411684,15.60128170718439,16.436563002085315,23.597914124405918,0.21668446815533873
lan(semantic),libero_goal,lan(semantic)/libero_goal/put_the_bowl_on_the_stove.bddl,place the bowl on the stove,50,49,1,0,0.98,0.8950455641036219,0.9964607407283539,85.0,300.0,1,6.146815336542204,6.57325509169139,6.558882893389091,16.663012565011154,0.09129520960682486
lan(semantic),libero_goal,lan(semantic)/libero_goal/put_the_cream_cheese_in_the_bowl.bddl,place the cream cheese inside the bowl,50,49,1,0,0.98,0.8950455641036219,0.9964607407283539,89.0,300.0,1,6.365829286398366,6.759938088264317,7.05477002458647,13.83400530965066,0.09388802900367106
lan(semantic),libero_object,lan(semantic)/libero_object/pick_up_the_alphabet_soup_and_place_it_in_the_basket.bddl,grab alphabet soup and put it into basket,50,49,1,0,0.98,0.8950455641036219,0.9964607407283539,145.0,280.0,1,9.474085334921256,10.032624240051955,12.452389229461552,16.050572981433938,0.13934200333405494
lan(semantic),libero_object,lan(semantic)/libero_object/pick_up_the_bbq_sauce_and_place_it_in_the_basket.bddl,pick up bbq sauce and put it into basket,50,49,1,0,0.98,0.8950455641036219,0.9964607407283539,125.0,280.0,1,8.154920543543994,8.662970665041357,10.271142215421424,13.474406423526805,0.1203190370144633
lan(semantic),libero_spatial,lan(semantic)/libero_spatial/pick_up_the_black_bowl_from_table_center_and_place_it_on_the_plate.bddl,lift the black bowl from the table center and put it on the plate,50,49,1,0,0.98,0.8950455641036219,0.9964607407283539,96.0,220.0,1,7.718942339997739,7.757703919475898,8.187684231624006,10.968322612890034,0.10774588777049858
lan(semantic),libero_spatial,lan(semantic)/libero_spatial/pick_up_the_black_bowl_next_to_the_ramekin_and_place_it_on_the_plate.bddl,take black bowl next to ramekin and place on plate,50,49,1,0,0.98,0.8950455641036219,0.9964607407283539,109.0,220.0,1,8.307641471270472,8.52516030220315,8.72488849805668,13.898735263808625,0.11840500419726595
lan(semantic),libero_spatial,lan(semantic)/libero_spatial/pick_up_the_black_bowl_on_the_ramekin_and_place_it_on_the_plate.bddl,grab black bowl on ramekin and set it on plate,50,49,1,0,0.98,0.8950455641036219,0.9964607407283539,95.0,220.0,1,7.71497607184574,7.846467349240556,8.003646198706702,12.916118764621196,0.10897871318389661
lan(semantic),libero_spatial,lan(semantic)/libero_spatial/pick_up_the_black_bowl_on_the_stove_and_place_it_on_the_plate.bddl,lift bowl from stove and set on plate,50,49,1,0,0.98,0.8950455641036219,0.9964607407283539,122.0,220.0,1,9.575972436927259,9.839479881022125,10.807369070267304,13.968285342990416,0.13665944279197398
lan(semantic),libero_spatial,lan(semantic)/libero_spatial/pick_up_the_black_bowl_on_the_wooden_cabinet_and_place_it_on_the_plate.bddl,lift bowl from cabinet and put on plate,50,49,1,0,0.98,0.8950455641036219,0.9964607407283539,121.0,220.0,1,9.050567959900945,9.074857949893921,9.672574549913406,12.41609337404835,0.1260396937485267
object,libero_10,object/libero_10/LIVING_ROOM_SCENE5_put_the_white_mug_on_the_left_plate_and_put_the_yellow_and_white_mug_on_the_right_plate.bddl,put the white mug on the left plate and put the yellow and white mug on the right plate,50,49,1,0,0.98,0.8950455641036219,0.9964607407283539,237.0,520.0,1,14.404906255658716,14.668761083874852,15.141714235860857,22.550076209139053,0.20373279283159515
object,libero_10,object/libero_10/LIVING_ROOM_SCENE6_put_the_white_mug_on_the_plate_and_put_the_chocolate_pudding_to_the_right_of_the_plate.bddl,put the white mug on the plate and put the chocolate pudding to the right of the plate,50,49,1,0,0.98,0.8950455641036219,0.9964607407283539,216.0,520.0,1,12.786711586872116,13.69718001756817,15.660592119814828,28.168558401893826,0.1902386113551135
object,libero_goal,object/libero_goal/push_the_plate_to_the_front_of_the_stove.bddl,Push the plate to the front of the stove,50,49,1,0,0.98,0.8950455641036219,0.9964607407283539,129.0,300.0,1,8.49746867455542,8.949316135849804,11.561032825149598,15.941755541446613,0.12429605744235839
object,libero_goal,object/libero_goal/put_the_bowl_on_the_stove.bddl,Put the bowl on the stove,50,49,1,0,0.98,0.8950455641036219,0.9964607407283539,76.0,300.0,1,6.172489348100498,6.722956638270989,7.5984046199359,15.58722830728161,0.09337439775376374
object,libero_goal,object/libero_goal/put_the_wine_bottle_on_the_rack.bddl,Put the wine bottle on the rack,50,49,1,0,0.98,0.8950455641036219,0.9964607407283539,151.0,300.0,1,9.655825841473415,9.880698960432783,11.127546044299379,16.543185406196855,0.13723193000601086
object,libero_object,object/libero_object/pick_up_the_bbq_sauce_and_place_it_in_the_basket.bddl,Pick the bbq sauce and place it in the basket,50,49,1,0,0.98,0.8950455641036219,0.9964607407283539,128.0,280.0,1,8.087588190101087,8.696874921694398,10.706286443257703,15.702247627177275,0.12078992946797774
object,libero_object,object/libero_object/pick_up_the_milk_and_place_it_in_the_basket.bddl,Pick the milk and place it in the basket,50,49,1,0,0.98,0.8950455641036219,0.9964607407283539,131.0,280.0,1,8.12105805776082,8.305514043476432,8.715272827912122,14.58426944392733,0.11535436171495045
object,libero_spatial,object/libero_spatial/pick_up_the_black_bowl_next_to_the_plate_and_place_it_on_the_plate.bddl,Pick the akita black bowl next to the plate and place it on the plate,50,49,1,0,0.98,0.8950455641036219,0.9964607407283539,95.0,220.0,1,7.203787650447339,7.523408441320061,7.765022155735642,13.323687653173685,0.10449178390722308
object,libero_spatial,object/libero_spatial/pick_up_the_black_bowl_on_the_ramekin_and_place_it_on_the_plate.bddl,Pick the akita black bowl on the ramekin and place it on the plate,50,49,1,0,0.98,0.8950455641036219,0.9964607407283539,95.0,220.0,1,7.289152825018391,7.6720406836736945,8.992384060518816,12.33299151284619,0.1065561206065791
swap(position),libero_spatial,swap(position)/libero_spatial/pick_up_the_black_bowl_from_table_center_and_place_it_on_the_plate.bddl,Pick the akita black bowl from table center and place it on the plate,50,49,1,0,0.98,0.8950455641036219,0.9964607407283539,84.0,220.0,1,7.058152780868113,7.359821403101087,7.639027218194679,14.920124359219333,0.10221974170973731
task,libero_spatial,task/libero_spatial/pick_up_the_black_bowl_on_the_ramekin_and_place_it_on_the_plate.bddl,Pick the akita black bowl on the cookie box and place it on the plate,50,49,1,0,0.98,0.8950455641036219,0.9964607407283539,83.0,220.0,1,7.118179357144982,7.645400845678523,9.677272743964568,13.414709958075537,0.10618612285664615
task,libero_spatial,task/libero_spatial/pick_up_the_black_bowl_on_the_wooden_cabinet_and_place_it_on_the_plate.bddl,Pick the akita black bowl on the stove and place it on the plate,50,49,1,0,0.98,0.8950455641036219,0.9964607407283539,120.0,220.0,1,9.55334550444968,9.756074907230213,10.22222481146455,13.94207827390171,0.1355010403781974
lan(semantic),libero_10,lan(semantic)/libero_10/KITCHEN_SCENE4_put_the_black_bowl_in_the_bottom_drawer_of_the_cabinet_and_close_it.bddl,put black bowl inside bottom drawer and close it,50,50,0,0,1.0,0.9286524008666414,1.0,220.0,,0,12.622585348319262,13.06029378177598,14.362064328603449,17.720833794493224,0.18139296919133308
lan(semantic),libero_10,lan(semantic)/libero_10/LIVING_ROOM_SCENE1_put_both_the_alphabet_soup_and_the_cream_cheese_box_in_the_basket.bddl,put alphabet soup and cream cheese box in basket,50,50,0,0,1.0,0.9286524008666414,1.0,259.0,,0,14.667443632148206,14.79463174368255,15.899813621351495,17.234422393343408,0.2054809964400354
lan(semantic),libero_10,lan(semantic)/libero_10/LIVING_ROOM_SCENE5_put_the_white_mug_on_the_left_plate_and_put_the_yellow_and_white_mug_on_the_right_plate.bddl,place white mug on left plate and yellow-white mug on right plate,50,50,0,0,1.0,0.9286524008666414,1.0,232.0,,0,14.432147513143718,14.500442203674465,15.197859998140485,17.463845736365766,0.2013950306065898
lan(semantic),libero_10,lan(semantic)/libero_10/STUDY_SCENE1_pick_up_the_book_and_place_it_in_the_back_compartment_of_the_caddy.bddl,pick up the book and place in back compartment,50,50,0,0,1.0,0.9286524008666414,1.0,177.5,,0,10.16329870116897,10.468395621581003,11.948046229593457,17.297633080640807,0.14539438363306947
lan(semantic),libero_goal,lan(semantic)/libero_goal/open_the_middle_drawer_of_the_cabinet.bddl,open the cabinet’s middle drawer,50,50,0,0,1.0,0.9286524008666414,1.0,122.5,,0,8.049926392966881,8.418476893901826,9.152655625063925,13.697916023596186,0.1169232901930809
lan(semantic),libero_goal,lan(semantic)/libero_goal/put_the_bowl_on_the_plate.bddl,place the bowl on top of the plate,50,50,0,0,1.0,0.9286524008666414,1.0,74.0,,0,5.58554349699989,5.677834517192095,5.885633633844554,7.638423501844512,0.07885881273877911
lan(semantic),libero_goal,lan(semantic)/libero_goal/put_the_wine_bottle_on_top_of_the_cabinet.bddl,place the wine bottle on top of the cabinet,50,50,0,0,1.0,0.9286524008666414,1.0,89.0,,0,6.501459490507841,6.545403149845079,6.8895449164789175,7.060828761635348,0.09090837708118164
lan(semantic),libero_goal,lan(semantic)/libero_goal/turn_on_the_stove.bddl,switch on the stove,50,50,0,0,1.0,0.9286524008666414,1.0,76.0,,0,5.59445605869405,5.657229969631881,5.9669317164924,7.415218102433716,0.07857263846710945
lan(semantic),libero_object,lan(semantic)/libero_object/pick_up_the_butter_and_place_it_in_the_basket.bddl,grab butter and put it into basket,50,50,0,0,1.0,0.9286524008666414,1.0,147.0,,0,9.1459158975631,9.221234464580194,9.935746217146516,10.60710646752268,0.12807270089694714
lan(semantic),libero_object,lan(semantic)/libero_object/pick_up_the_chocolate_pudding_and_place_it_in_the_basket.bddl,lift chocolate pudding and put it in basket,50,50,0,0,1.0,0.9286524008666414,1.0,155.0,,0,9.473027979023755,9.511728327963501,11.221837260527536,11.89660112374462,0.13210733788838197
lan(semantic),libero_object,lan(semantic)/libero_object/pick_up_the_cream_cheese_and_place_it_in_the_basket.bddl,grab cream cheese and put into basket,50,50,0,0,1.0,0.9286524008666414,1.0,128.0,,0,8.155818327562883,8.390158104319125,8.822596048144623,13.073286407859989,0.11652997367109896
lan(semantic),libero_object,lan(semantic)/libero_object/pick_up_the_ketchup_and_place_it_in_the_basket.bddl,lift ketchup and put it in basket,50,50,0,0,1.0,0.9286524008666414,1.0,141.0,,0,9.01532353903167,9.033307823203504,9.570094530796633,9.739449849938973,0.1254626086556042
lan(semantic),libero_object,lan(semantic)/libero_object/pick_up_the_milk_and_place_it_in_the_basket.bddl,grab milk and put into basket,50,50,0,0,1.0,0.9286524008666414,1.0,130.0,,0,8.181399956578389,8.36731880923733,8.900563758518548,10.6174151461618,0.11621276123940738
lan(semantic),libero_object,lan(semantic)/libero_object/pick_up_the_orange_juice_and_place_it_in_the_basket.bddl,pick orange juice and put into basket,50,50,0,0,1.0,0.9286524008666414,1.0,123.0,,0,7.89624532405287,7.857030623480678,8.278117860667408,10.137583095557051,0.10912542532612052
lan(semantic),libero_object,lan(semantic)/libero_object/pick_up_the_salad_dressing_and_place_it_in_the_basket.bddl,grab salad dressing and put into basket,50,50,0,0,1.0,0.9286524008666414,1.0,120.5,,0,8.02990779816173,8.020061365747825,8.423132132738829,9.025894763590767,0.111389741190942
lan(semantic),libero_object,lan(semantic)/libero_object/pick_up_the_tomato_sauce_and_place_it_in_the_basket.bddl,pick tomato sauce and put it in basket,50,50,0,0,1.0,0.9286524008666414,1.0,129.0,,0,8.264373182319105,8.867069427426905,11.178174625569955,13.562419254728592,0.1231537420475959
object,libero_10,object/libero_10/LIVING_ROOM_SCENE2_put_both_the_cream_cheese_box_and_the_butter_in_the_basket.bddl,put both the cream cheese box and the butter in the basket,50,50,0,0,1.0,0.9286524008666414,1.0,251.5,,0,15.218467222293839,15.453049326911568,16.204753768164665,18.310837958431804,0.214625685095994
object,libero_goal,object/libero_goal/put_the_wine_bottle_on_top_of_the_cabinet.bddl,Put the wine bottle on the top of the drawer,50,50,0,0,1.0,0.9286524008666414,1.0,92.5,,0,6.718367421301082,6.719309082208201,7.051585918152705,7.331493816641159,0.09332373725289168
object,libero_goal,object/libero_goal/turn_on_the_stove.bddl,Turn on the stove,50,50,0,0,1.0,0.9286524008666414,1.0,75.0,,0,5.3572513500694185,5.114622462941334,5.68034646497108,5.774960565208457,0.07103642309640741
object,libero_object,object/libero_object/pick_up_the_butter_and_place_it_in_the_basket.bddl,Pick the butter and place it in the basket,50,50,0,0,1.0,0.9286524008666414,1.0,152.0,,0,9.040260546142235,8.992490685759112,10.349952614726497,12.971275711529884,0.12489570396887656
object,libero_object,object/libero_object/pick_up_the_ketchup_and_place_it_in_the_basket.bddl,Pick the ketchup and place it in the basket,50,50,0,0,1.0,0.9286524008666414,1.0,141.0,,0,8.919591751415282,8.924222200829536,9.553703975956886,10.060627585616892,0.12394753056707689
object,libero_object,object/libero_object/pick_up_the_orange_juice_and_place_it_in_the_basket.bddl,Pick the orange juice and place it in the basket,50,50,0,0,1.0,0.9286524008666414,1.0,128.5,,0,8.113444536924362,8.135147106684745,8.820940601732582,8.962844615569338,0.11298815425951034
object,libero_object,object/libero_object/pick_up_the_salad_dressing_and_place_it_in_the_basket.bddl,Pick the salad dressing and place it in the basket,50,50,0,0,1.0,0.9286524008666414,1.0,119.0,,0,7.653533119242638,7.713870101403445,8.070427535288037,8.261534144259057,0.10713708474171452
object,libero_spatial,object/libero_spatial/pick_up_the_black_bowl_from_table_center_and_place_it_on_the_plate.bddl,Pick the akita black bowl from table center and place it on the plate,50,50,0,0,1.0,0.9286524008666414,1.0,97.0,,0,7.206568387104198,7.223271944727749,7.610888666752725,7.985418036198243,0.10032322145455207
object,libero_spatial,object/libero_spatial/pick_up_the_black_bowl_in_the_top_drawer_of_the_wooden_cabinet_and_place_it_on_the_plate.bddl,Pick the akita black bowl in the top layer of the wooden cabinet and place it on the plate,50,50,0,0,1.0,0.9286524008666414,1.0,128.5,,0,9.461985955014825,9.55105196482502,10.041090571042151,11.433442911393936,0.1326534995114586
object,libero_spatial,object/libero_spatial/pick_up_the_black_bowl_next_to_the_ramekin_and_place_it_on_the_plate.bddl,Pick the akita black bowl next to the ramekin and place it on the plate,50,50,0,0,1.0,0.9286524008666414,1.0,108.0,,0,7.8490509036928415,7.811330203078687,8.230687915207819,8.452459065853617,0.10849069726498177
swap(position),libero_goal,swap(position)/libero_goal/turn_on_the_stove.bddl,Turn on the stove,50,50,0,0,1.0,0.9286524008666414,1.0,100.0,,0,6.675439964979887,6.739489073539152,7.444413046305999,7.930673267222009,0.09360401491026601
swap(position),libero_object,swap(position)/libero_object/pick_up_the_cream_cheese_and_place_it_in_the_basket.bddl,Pick the cream cheese and place it in the basket,50,50,0,0,1.0,0.9286524008666414,1.0,148.0,,0,9.135181768331677,9.31772363455966,9.721362885506824,11.395593574349768,0.12941282825777306
swap(position),libero_spatial,swap(position)/libero_spatial/pick_up_the_black_bowl_next_to_the_plate_and_place_it_on_the_plate.bddl,Pick the akita black bowl next to the plate and place it on the plate,50,50,0,0,1.0,0.9286524008666414,1.0,122.0,,0,9.355062088696286,9.30993083819747,9.721029739640652,10.901985664349047,0.12930459497496485
task,libero_object,task/libero_object/pick_up_the_cream_cheese_and_place_it_in_the_basket.bddl,Pick the alphabet soup and place it in the basket,50,50,0,0,1.0,0.9286524008666414,1.0,146.5,,0,9.428249999182299,9.76528200365603,11.11923957769759,14.433095929999833,0.13562891671744487
