suite,suite_label,task_id,task_description,short_task,official_successes,official_total,official_success_rate,official_ci95_low,official_ci95_high,official_mean_action_steps,official_median_action_steps,official_budget_utilization,official_median_duration_seconds,base_successes,base_success_rate,base_mean_action_steps,base_budget_utilization,base_median_duration_seconds,failures,failure_rank,cumulative_failures,cumulative_failure_share
libero_spatial,Spatial,0,pick up the black bowl between the plate and the ramekin and place it on the plate,pick black bowl between the plate and the ramekin…,50,50,1.0,0.9286524008666414,1.0,83.74,76.5,0.3806363636363636,6.126166708301753,0,0.0,220.0,1.0,14.168325872858986,0,35,58,1.0
libero_spatial,Spatial,1,pick up the black bowl next to the ramekin and place it on the plate,pick black bowl next to the ramekin → on the plate,50,50,1.0,0.9286524008666414,1.0,107.0,106.0,0.4863636363636364,7.893471630522981,0,0.0,220.0,1.0,14.106681291945279,0,36,58,1.0
libero_spatial,Spatial,2,pick up the black bowl from table center and place it on the plate,pick black bowl from table center → on the plate,50,50,1.0,0.9286524008666414,1.0,99.96,98.5,0.45436363636363636,7.503892427543178,0,0.0,220.0,1.0,14.294577276566997,0,37,58,1.0
libero_spatial,Spatial,3,pick up the black bowl on the cookie box and place it on the plate,pick black bowl on the cookie box → on the plate,50,50,1.0,0.9286524008666414,1.0,83.66,84.0,0.38027272727272726,6.609546625521034,0,0.0,220.0,1.0,14.529567694524303,0,38,58,1.0
libero_spatial,Spatial,4,pick up the black bowl in the top drawer of the wooden cabinet and place it on the plate,pick black bowl in the top drawer of the wooden c…,49,50,0.98,0.8950455641036219,0.9964607407283539,128.08,123.5,0.5821818181818181,9.10348960547708,0,0.0,220.0,1.0,14.897066977340728,1,20,57,0.9827586206896551
libero_spatial,Spatial,5,pick up the black bowl on the ramekin and place it on the plate,pick black bowl on the ramekin → on the plate,48,50,0.96,0.8653990931249297,0.9889611156723802,97.86,93.5,0.44481818181818183,7.2939021124038845,0,0.0,220.0,1.0,14.770823064725846,2,11,48,0.8275862068965517
libero_spatial,Spatial,6,pick up the black bowl next to the cookie box and place it on the plate,pick black bowl next to the cookie box → on the p…,50,50,1.0,0.9286524008666414,1.0,107.26,107.0,0.48754545454545456,8.019270085031167,0,0.0,220.0,1.0,14.258878777967766,0,39,58,1.0
libero_spatial,Spatial,7,pick up the black bowl on the stove and place it on the plate,pick black bowl on the stove → on the plate,47,50,0.94,0.8378290831116182,0.979385029651026,127.06,121.5,0.5775454545454546,9.153004602529109,0,0.0,220.0,1.0,14.483523431466892,3,5,36,0.6206896551724138
libero_spatial,Spatial,8,pick up the black bowl next to the plate and place it on the plate,pick black bowl next to the plate → on the plate,50,50,1.0,0.9286524008666414,1.0,99.88,98.0,0.454,7.459494163282216,0,0.0,220.0,1.0,14.230770056834444,0,40,58,1.0
libero_spatial,Spatial,9,pick up the black bowl on the wooden cabinet and place it on the plate,pick black bowl on the wooden cabinet → on the pl…,49,50,0.98,0.8950455641036219,0.9964607407283539,122.36,118.5,0.5561818181818182,8.590725090354681,0,0.0,220.0,1.0,14.549287672154605,1,21,58,1.0
libero_object,Object,0,pick up the alphabet soup and place it in the basket,pick alphabet soup → in the basket,49,50,0.98,0.8950455641036219,0.9964607407283539,152.32,143.5,0.544,9.17562132095918,0,0.0,280.0,1.0,15.599664204753935,1,17,54,0.9310344827586207
libero_object,Object,1,pick up the cream cheese and place it in the basket,pick cream cheese → in the basket,50,50,1.0,0.9286524008666414,1.0,138.28,129.5,0.4938571428571429,8.202894364017993,0,0.0,280.0,1.0,15.640763555187732,0,30,58,1.0
libero_object,Object,2,pick up the salad dressing and place it in the basket,pick salad dressing → in the basket,47,50,0.94,0.8378290831116182,0.979385029651026,130.84,120.5,0.4672857142857143,7.786847865674645,0,0.0,280.0,1.0,15.598286620806903,3,4,33,0.5689655172413793
libero_object,Object,3,pick up the bbq sauce and place it in the basket,pick bbq sauce → in the basket,49,50,0.98,0.8950455641036219,0.9964607407283539,137.76,127.5,0.492,8.087919468525797,0,0.0,280.0,1.0,15.506176611874253,1,18,55,0.9482758620689655
libero_object,Object,4,pick up the ketchup and place it in the basket,pick ketchup → in the basket,48,50,0.96,0.8653990931249297,0.9889611156723802,153.42,142.5,0.5479285714285714,8.829741330817342,0,0.0,280.0,1.0,15.53668834315613,2,10,46,0.7931034482758621
libero_object,Object,5,pick up the tomato sauce and place it in the basket,pick tomato sauce → in the basket,50,50,1.0,0.9286524008666414,1.0,139.84,129.5,0.49942857142857144,8.149989713449031,0,0.0,280.0,1.0,15.526400916045532,0,31,58,1.0
libero_object,Object,6,pick up the butter and place it in the basket,pick butter → in the basket,50,50,1.0,0.9286524008666414,1.0,158.18,156.5,0.5649285714285714,9.403174364939332,0,0.0,280.0,1.0,15.508860603440553,0,32,58,1.0
libero_object,Object,7,pick up the milk and place it in the basket,pick milk → in the basket,50,50,1.0,0.9286524008666414,1.0,130.46,129.0,0.4659285714285714,8.010161750018597,0,0.0,280.0,1.0,15.695255161030218,0,33,58,1.0
libero_object,Object,8,pick up the chocolate pudding and place it in the basket,pick chocolate pudding → in the basket,50,50,1.0,0.9286524008666414,1.0,159.26,153.5,0.5687857142857143,9.076027624076232,0,0.0,280.0,1.0,15.830169642576948,0,34,58,1.0
libero_object,Object,9,pick up the orange juice and place it in the basket,pick orange juice → in the basket,49,50,0.98,0.8950455641036219,0.9964607407283539,127.42,120.0,0.45507142857142857,7.661667507374659,0,0.0,280.0,1.0,15.492535319179296,1,19,56,0.9655172413793104
libero_goal,Goal,0,open the middle drawer of the cabinet,open the middle drawer,50,50,1.0,0.9286524008666414,1.0,132.94,128.5,0.4431333333333333,8.085796963656321,0,0.0,300.0,1.0,16.937016665702686,0,24,58,1.0
libero_goal,Goal,1,put the bowl on the stove,put bowl on the stove,50,50,1.0,0.9286524008666414,1.0,88.14,86.0,0.2938,6.127984816906974,0,0.0,300.0,1.0,16.969387374818325,0,25,58,1.0
libero_goal,Goal,2,put the wine bottle on top of the cabinet,put wine bottle on top,49,50,0.98,0.8950455641036219,0.9964607407283539,95.56,91.5,0.31853333333333333,6.371354110306129,0,0.0,300.0,1.0,16.789406958734617,1,15,52,0.896551724137931
libero_goal,Goal,3,open the top drawer and put the bowl inside,open the top drawer and put bowl inside,48,50,0.96,0.8653990931249297,0.9889611156723802,196.68,189.0,0.6556,11.444752390496433,0,0.0,300.0,1.0,17.06024583801627,2,9,44,0.7586206896551724
libero_goal,Goal,4,put the bowl on top of the cabinet,put bowl on top,49,50,0.98,0.8950455641036219,0.9964607407283539,92.04,86.0,0.3068,6.162266556406394,0,0.0,300.0,1.0,17.500401777680963,1,16,53,0.9137931034482759
libero_goal,Goal,5,push the plate to the front of the stove,push the plate to the front of the stove,50,50,1.0,0.9286524008666414,1.0,129.88,125.0,0.43293333333333334,8.22491762903519,0,0.0,300.0,1.0,17.326319077052176,0,26,58,1.0
libero_goal,Goal,6,put the cream cheese in the bowl,put cream cheese in the bowl,50,50,1.0,0.9286524008666414,1.0,94.0,93.0,0.31333333333333335,6.344640015624464,0,0.0,300.0,1.0,17.273320436710492,0,27,58,1.0
libero_goal,Goal,7,turn on the stove,turn on the stove,50,50,1.0,0.9286524008666414,1.0,75.08,72.0,0.2502666666666667,5.192025826545432,0,0.0,300.0,1.0,17.22136312443763,0,28,58,1.0
libero_goal,Goal,8,put the bowl on the plate,put bowl on the plate,50,50,1.0,0.9286524008666414,1.0,75.32,75.0,0.25106666666666666,5.44960302230902,0,0.0,300.0,1.0,17.758874146500602,0,29,58,1.0
libero_goal,Goal,9,put the wine bottle on the rack,put wine bottle on the rack,45,50,0.9,0.7863976856252035,0.9565242350681096,162.12,148.0,0.5404,9.313418680336326,0,0.0,300.0,1.0,17.47722430457361,5,3,30,0.5172413793103449
libero_10,LIBERO-10,0,put both the alphabet soup and the tomato sauce in the basket,put both the alphabet soup and the tomato sauce i…,49,50,0.98,0.8950455641036219,0.9964607407283539,297.78,280.0,0.5726538461538462,17.0975533220917,0,0.0,520.0,1.0,30.14035168895498,1,12,49,0.8448275862068966
libero_10,LIBERO-10,1,put both the cream cheese box and the butter in the basket,put both the cream cheese box and the butter in t…,50,50,1.0,0.9286524008666414,1.0,252.78,248.5,0.4861153846153846,15.111053908709437,0,0.0,520.0,1.0,30.302264570025727,0,22,58,1.0
libero_10,LIBERO-10,2,turn on the stove and put the moka pot on it,turn on the stove and put moka pot on it,49,50,0.98,0.8950455641036219,0.9964607407283539,255.78,246.0,0.49188461538461536,13.118864574935287,0,0.0,520.0,1.0,27.582939945394173,1,13,50,0.8620689655172413
libero_10,LIBERO-10,3,put the black bowl in the bottom drawer of the cabinet and close it,put black bowl in the bottom drawer and close it,45,50,0.9,0.7863976856252035,0.9565242350681096,250.44,219.0,0.4816153846153846,12.276037810137495,0,0.0,520.0,1.0,28.299796101404354,5,2,25,0.43103448275862066
libero_10,LIBERO-10,4,put the white mug on the left plate and put the yellow and white mug on the right plate,put white mug on the left plate and put yellow an…,49,50,0.98,0.8950455641036219,0.9964607407283539,247.56,235.0,0.47607692307692306,14.409685725113377,0,0.0,520.0,1.0,29.829735430656,1,14,51,0.8793103448275862
libero_10,LIBERO-10,5,pick up the book and place it in the back compartment of the caddy,pick book → in the back compartment of the caddy,48,50,0.96,0.8653990931249297,0.9889611156723802,198.78,173.0,0.38226923076923075,9.899623566772789,0,0.0,520.0,1.0,26.837441435549408,2,6,38,0.6551724137931034
libero_10,LIBERO-10,6,put the white mug on the plate and put the chocolate pudding to the right of the plate,put white mug on the plate and put chocolate pudd…,48,50,0.96,0.8653990931249297,0.9889611156723802,241.2,224.0,0.46384615384615385,12.96398438164033,0,0.0,520.0,1.0,28.14340504258871,2,7,40,0.6896551724137931
libero_10,LIBERO-10,7,put both the alphabet soup and the cream cheese box in the basket,put both the alphabet soup and the cream cheese b…,50,50,1.0,0.9286524008666414,1.0,271.14,258.0,0.5214230769230769,14.594819428632036,0,0.0,520.0,1.0,27.75597105687484,0,23,58,1.0
libero_10,LIBERO-10,8,put both moka pots on the stove,put both moka pots on the stove,30,50,0.6,0.4618143774758936,0.7239161026974346,452.18,437.5,0.869576923076923,23.010339514585212,0,0.0,520.0,1.0,28.050678204046562,20,1,20,0.3448275862068966
libero_10,LIBERO-10,9,put the yellow and white mug in the microwave and close it,put yellow and white mug in the microwave and clo…,48,50,0.96,0.8653990931249297,0.9889611156723802,279.24,264.0,0.537,14.526846842607483,0,0.0,520.0,1.0,28.040122243808582,2,8,42,0.7241379310344828
